Customer_ID,Invoice_Amount,Payment_Method,Dispute,Avg_Past_Delay,Invoice_Date,Due_Date,Risk_Level
C-1052,29548.64,Check,0,27,2025-03-04,2025-04-03,High Risk
C-1093,37399.25,ACH,0,5,2025-04-14,2025-05-14,High Risk
C-1015,21867.15,Check,0,25,2025-12-05,2026-01-04,High Risk
C-1072,6815.22,ACH,0,7,2025-12-25,2026-01-24,Medium Risk
C-1061,14546.91,ACH,0,3,2025-06-05,2025-07-05,Medium Risk
C-1021,18472.57,Check,0,17,2025-09-30,2025-10-30,High Risk
C-1083,32472.9,Credit Card,0,27,2025-01-06,2025-02-05,High Risk
C-1087,28753.53,ACH,0,10,2025-05-27,2025-06-26,Medium Risk
C-1075,18126.79,ACH,0,4,2025-07-03,2025-08-02,Medium Risk
C-1075,49332.5,ACH,0,14,2025-01-28,2025-02-27,High Risk
C-1088,30485.85,Credit Card,0,27,2025-02-07,2025-03-09,High Risk
C-1100,12242.73,Credit Card,0,17,2025-04-29,2025-05-29,High Risk
C-1024,5538.23,Wire,0,1,2025-10-20,2025-11-19,Low Risk
C-1003,8066.53,Check,1,21,2025-09-01,2025-10-01,High Risk
C-1022,12674.91,Credit Card,0,10,2025-03-09,2025-04-08,Medium Risk
C-1053,8453.73,Check,0,25,2025-08-02,2025-09-01,High Risk
C-1002,9735.07,Wire,0,24,2025-08-06,2025-09-05,High Risk
C-1088,14612.21,Check,0,12,2025-06-26,2025-07-26,High Risk
C-1030,9081.99,Credit Card,0,3,2025-10-26,2025-11-25,Medium Risk
C-1038,44889.89,Check,0,21,2025-06-13,2025-07-13,High Risk
C-1002,4471.57,Credit Card,0,6,2025-02-27,2025-03-29,Medium Risk
C-1064,26463.31,Check,0,28,2025-09-26,2025-10-26,High Risk
C-1060,20814.64,Credit Card,0,10,2025-11-04,2025-12-04,Medium Risk
C-1021,49127.74,Credit Card,0,21,2025-02-27,2025-03-29,High Risk
C-1033,6045.93,Check,0,23,2025-10-15,2025-11-14,High Risk
C-1076,20193.85,Wire,0,3,2025-04-15,2025-05-15,Medium Risk
C-1058,48488.79,ACH,0,27,2025-08-16,2025-09-15,High Risk
C-1022,43342.6,Wire,0,14,2025-09-04,2025-10-04,High Risk
C-1089,40945.07,Check,0,0,2025-07-07,2025-08-06,Medium Risk
C-1049,13266.19,Wire,0,22,2025-03-24,2025-04-23,High Risk
C-1091,8958.94,Credit Card,0,2,2025-07-05,2025-08-04,Low Risk
C-1059,33597.84,ACH,0,13,2025-09-09,2025-10-09,High Risk
C-1042,46504.11,Check,0,5,2025-12-21,2026-01-20,High Risk
C-1092,28059.76,Check,1,17,2025-08-26,2025-09-25,High Risk
C-1060,28794.83,Check,0,24,2025-12-26,2026-01-25,High Risk
C-1080,14358.97,ACH,0,0,2025-07-03,2025-08-02,Low Risk
C-1015,38589.9,Credit Card,0,5,2025-10-11,2025-11-10,High Risk
C-1062,9758.67,Check,0,5,2025-07-29,2025-08-28,Medium Risk
C-1062,16522.12,Wire,0,20,2025-10-31,2025-11-30,High Risk
C-1047,21559.1,Check,1,15,2025-10-23,2025-11-22,High Risk
C-1062,25626.71,Check,0,28,2025-04-07,2025-05-07,High Risk
C-1051,12499.28,Check,0,4,2025-07-27,2025-08-26,Medium Risk
C-1055,6184.42,Check,0,16,2025-05-17,2025-06-16,High Risk
C-1064,30725.69,Credit Card,0,9,2025-07-03,2025-08-02,High Risk
C-1003,14787.21,Wire,0,27,2025-03-17,2025-04-16,High Risk
C-1051,29271.29,Credit Card,0,20,2025-10-14,2025-11-13,High Risk
C-1007,8140.95,Wire,0,17,2025-05-22,2025-06-21,High Risk
C-1021,24316.44,Check,0,6,2025-08-25,2025-09-24,Medium Risk
C-1073,26863.18,ACH,1,2,2025-01-25,2025-02-24,High Risk
C-1039,3065.27,Credit Card,0,12,2025-10-17,2025-11-16,High Risk
C-1018,17161.91,ACH,0,14,2025-03-08,2025-04-07,High Risk
C-1004,7153.53,Credit Card,0,19,2025-09-07,2025-10-07,High Risk
C-1089,3637.06,Check,0,18,2025-04-28,2025-05-28,High Risk
C-1060,49503.03,Credit Card,1,2,2025-03-14,2025-04-13,High Risk
C-1014,16456.52,Check,0,3,2025-10-09,2025-11-08,Medium Risk
C-1009,40588.79,Credit Card,0,4,2025-12-26,2026-01-25,High Risk
C-1090,13104.71,Check,0,0,2025-01-10,2025-02-09,Low Risk
C-1053,34234.38,Check,1,3,2025-07-30,2025-08-29,High Risk
C-1002,38131.28,Wire,0,11,2025-11-19,2025-12-19,High Risk
C-1084,29984.12,Check,0,27,2025-06-01,2025-07-01,High Risk
C-1092,23843.02,Wire,0,26,2025-01-05,2025-02-04,High Risk
C-1060,20886.13,Check,1,23,2025-07-14,2025-08-13,High Risk
C-1071,17768.98,ACH,0,9,2025-10-10,2025-11-09,Medium Risk
C-1044,46511.69,Check,0,22,2025-04-23,2025-05-23,High Risk
C-1008,41615.66,ACH,0,24,2025-09-28,2025-10-28,High Risk
C-1047,48268.83,ACH,0,20,2025-06-12,2025-07-12,High Risk
C-1035,6652.71,Check,0,28,2025-04-15,2025-05-15,High Risk
C-1078,36677.94,ACH,0,25,2025-06-30,2025-07-30,High Risk
C-1081,46947.85,Wire,0,19,2025-02-13,2025-03-15,High Risk
C-1036,9471.04,Credit Card,0,23,2025-10-09,2025-11-08,High Risk
C-1050,3791.57,Check,0,24,2025-06-24,2025-07-24,High Risk
C-1004,37185.47,ACH,0,12,2025-06-11,2025-07-11,High Risk
C-1002,28936.42,Check,0,22,2025-12-17,2026-01-16,High Risk
C-1006,42170.52,Wire,0,13,2025-12-06,2026-01-05,High Risk
C-1054,7418.73,Check,0,22,2025-05-20,2025-06-19,High Risk
C-1004,39865.73,Check,0,4,2025-05-12,2025-06-11,High Risk
C-1054,10480.55,ACH,0,3,2025-03-28,2025-04-27,Medium Risk
C-1093,8600.97,Wire,0,13,2025-06-25,2025-07-25,High Risk
C-1063,8631.16,Credit Card,0,9,2025-07-02,2025-08-01,Medium Risk
C-1018,40821.45,Credit Card,0,16,2025-05-09,2025-06-08,High Risk
C-1090,33427.26,ACH,1,9,2025-09-03,2025-10-03,High Risk
C-1044,26391.74,Check,0,25,2025-03-30,2025-04-29,High Risk
C-1034,18262.11,ACH,0,6,2025-03-07,2025-04-06,Medium Risk
C-1074,43921.43,ACH,0,15,2025-06-07,2025-07-07,High Risk
C-1062,19926.03,ACH,0,0,2025-05-29,2025-06-28,Low Risk
C-1100,40921.67,Check,0,16,2025-12-06,2026-01-05,High Risk
C-1014,22237.18,Wire,0,20,2025-04-26,2025-05-26,High Risk
C-1095,19158.75,ACH,0,28,2025-08-02,2025-09-01,High Risk
C-1048,23402.65,Check,0,8,2025-10-21,2025-11-20,Medium Risk
C-1015,15418.2,Wire,0,5,2025-09-10,2025-10-10,Medium Risk
C-1072,37506.66,ACH,0,18,2025-05-23,2025-06-22,High Risk
C-1078,25384.66,Credit Card,1,12,2025-09-07,2025-10-07,High Risk
C-1087,11994.53,Wire,0,2,2025-10-29,2025-11-28,Low Risk
C-1062,45028.94,ACH,0,6,2025-01-25,2025-02-24,High Risk
C-1040,19502.62,Wire,0,21,2025-10-04,2025-11-03,High Risk
C-1085,27405.87,Wire,0,8,2025-03-11,2025-04-10,Medium Risk
C-1080,45370.37,Wire,0,21,2025-04-23,2025-05-23,High Risk
C-1082,31399.78,Wire,0,4,2025-12-29,2026-01-28,High Risk
C-1053,6286.45,Wire,0,9,2025-04-22,2025-05-22,Medium Risk
C-1024,47021.69,Wire,1,22,2025-12-30,2026-01-29,High Risk
C-1026,31571.55,ACH,0,16,2025-10-30,2025-11-29,High Risk
C-1089,17077.83,Credit Card,0,11,2025-04-01,2025-05-01,High Risk
C-1060,7393.97,Check,0,22,2025-01-18,2025-02-17,High Risk
C-1041,39804.25,Wire,0,15,2025-05-29,2025-06-28,High Risk
C-1029,31193.6,Check,0,2,2025-08-15,2025-09-14,High Risk
C-1015,26906.32,ACH,0,29,2025-08-02,2025-09-01,High Risk
C-1045,44747.68,Wire,0,24,2025-12-26,2026-01-25,High Risk
C-1065,39535.56,Credit Card,0,21,2025-05-31,2025-06-30,High Risk
C-1089,8007.91,Check,0,8,2025-07-11,2025-08-10,Medium Risk
C-1071,15930.24,Wire,0,28,2025-02-09,2025-03-11,High Risk
C-1009,12800.21,ACH,0,14,2025-08-30,2025-09-29,High Risk
C-1088,37325.34,Credit Card,0,4,2025-05-18,2025-06-17,High Risk
C-1001,2159.86,Check,0,22,2025-12-11,2026-01-10,High Risk
C-1008,28709.54,Check,0,12,2025-06-29,2025-07-29,High Risk
C-1088,38241.7,Wire,0,13,2025-07-19,2025-08-18,High Risk
C-1063,43899.9,Credit Card,0,19,2025-07-22,2025-08-21,High Risk
C-1011,17433.05,Credit Card,0,14,2025-03-02,2025-04-01,High Risk
C-1081,41152.24,Credit Card,0,15,2025-07-11,2025-08-10,High Risk
C-1008,5976.27,Credit Card,0,22,2025-01-05,2025-02-04,High Risk
C-1035,42399.39,ACH,0,12,2025-08-25,2025-09-24,High Risk
C-1035,6810.69,Credit Card,0,16,2025-06-30,2025-07-30,High Risk
C-1033,20165.72,Check,0,22,2025-11-07,2025-12-07,High Risk
C-1005,39966.12,Check,1,7,2025-02-06,2025-03-08,High Risk
C-1041,7920.91,ACH,0,20,2025-02-25,2025-03-27,High Risk
C-1028,11847.94,Check,0,1,2025-08-25,2025-09-24,Low Risk
C-1007,36251.5,Check,0,4,2025-12-24,2026-01-23,High Risk
C-1073,36141.81,Credit Card,0,5,2025-12-15,2026-01-14,High Risk
C-1072,32236.81,Check,0,11,2025-07-16,2025-08-15,High Risk
C-1012,34850.45,ACH,0,17,2025-03-14,2025-04-13,High Risk
C-1034,27364.86,Credit Card,0,29,2025-02-28,2025-03-30,High Risk
C-1033,12964.05,Wire,0,21,2025-08-28,2025-09-27,High Risk
C-1048,17611.95,Credit Card,0,21,2025-01-02,2025-02-01,High Risk
C-1023,9489.09,ACH,0,0,2025-12-26,2026-01-25,Low Risk
C-1062,45468.3,Credit Card,0,29,2025-07-07,2025-08-06,High Risk
C-1088,29377.89,Credit Card,1,16,2025-11-03,2025-12-03,High Risk
C-1037,20342.15,ACH,0,29,2025-01-30,2025-03-01,High Risk
C-1099,23369.29,Credit Card,0,10,2025-09-24,2025-10-24,Medium Risk
C-1044,47390.53,ACH,0,9,2025-04-18,2025-05-18,High Risk
C-1086,8090.89,ACH,0,18,2025-11-28,2025-12-28,High Risk
C-1091,29518.38,Wire,0,13,2025-03-31,2025-04-30,High Risk
C-1035,25541.49,Check,0,25,2025-07-24,2025-08-23,High Risk
C-1065,30766.98,Check,0,9,2025-08-08,2025-09-07,High Risk
C-1099,1396.45,Credit Card,0,14,2025-04-04,2025-05-04,High Risk
C-1047,43670.13,Credit Card,0,27,2025-04-13,2025-05-13,High Risk
C-1078,46639.85,Wire,0,18,2025-08-11,2025-09-10,High Risk
C-1003,28474.09,Wire,0,3,2025-07-05,2025-08-04,Medium Risk
C-1001,34984.22,Wire,0,1,2025-07-03,2025-08-02,High Risk
C-1005,46163.72,ACH,0,8,2025-06-11,2025-07-11,High Risk
C-1090,35508.31,Wire,0,9,2025-09-04,2025-10-04,High Risk
C-1014,8050.68,Wire,0,27,2025-01-31,2025-03-02,High Risk
C-1027,29026.27,Credit Card,0,10,2025-02-21,2025-03-23,Medium Risk
C-1009,30532.39,Wire,0,13,2025-12-11,2026-01-10,High Risk
C-1079,21494.47,ACH,1,6,2025-03-17,2025-04-16,High Risk
C-1015,36953.99,ACH,0,22,2025-10-05,2025-11-04,High Risk
C-1090,46751.17,Credit Card,0,14,2025-02-09,2025-03-11,High Risk
C-1042,46315.64,Wire,0,21,2025-04-11,2025-05-11,High Risk
C-1077,22816.55,Wire,0,18,2025-04-21,2025-05-21,High Risk
C-1051,6105.28,ACH,0,21,2025-11-17,2025-12-17,High Risk
C-1063,49249.64,Wire,0,14,2025-09-06,2025-10-06,High Risk
C-1096,42025.46,Wire,0,29,2025-07-10,2025-08-09,High Risk
C-1052,6670.8,Wire,0,27,2025-07-01,2025-07-31,High Risk
C-1096,46081.67,Check,0,23,2025-12-01,2025-12-31,High Risk
C-1004,43559.87,Credit Card,1,7,2025-07-28,2025-08-27,High Risk
C-1094,26182.48,Check,0,10,2025-01-22,2025-02-21,Medium Risk
C-1023,29768.13,Credit Card,0,28,2025-06-15,2025-07-15,High Risk
C-1015,20250.63,ACH,0,8,2025-04-09,2025-05-09,Medium Risk
C-1043,3210.7,Wire,0,14,2025-07-27,2025-08-26,High Risk
C-1029,17092.26,Credit Card,0,0,2025-01-08,2025-02-07,Low Risk
C-1036,40241.25,Check,1,29,2025-07-09,2025-08-08,High Risk
C-1013,729.29,Wire,0,0,2025-06-24,2025-07-24,Low Risk
C-1032,17008.21,ACH,0,18,2025-09-30,2025-10-30,High Risk
C-1071,20209.35,Credit Card,0,2,2025-01-17,2025-02-16,Low Risk
C-1059,27101.08,Credit Card,0,9,2025-03-31,2025-04-30,Medium Risk
C-1086,46032.85,Credit Card,1,7,2025-05-21,2025-06-20,High Risk
C-1028,17644.13,Wire,0,14,2025-05-25,2025-06-24,High Risk
C-1066,17674.18,Check,0,9,2025-06-15,2025-07-15,Medium Risk
C-1042,37006.31,Check,0,0,2025-12-03,2026-01-02,Medium Risk
C-1045,22884.79,Credit Card,0,28,2025-03-19,2025-04-18,High Risk
C-1062,11617.94,ACH,0,17,2025-09-19,2025-10-19,High Risk
C-1057,22895.76,ACH,0,1,2025-06-12,2025-07-12,Low Risk
C-1006,7472.42,Check,0,18,2025-01-14,2025-02-13,High Risk
C-1028,9231.16,ACH,0,12,2025-08-27,2025-09-26,High Risk
C-1028,25169.2,Check,0,21,2025-03-13,2025-04-12,High Risk
C-1044,21236.81,Credit Card,0,0,2025-05-23,2025-06-22,Low Risk
C-1084,45784.87,Check,0,1,2025-11-06,2025-12-06,High Risk
C-1030,18438.5,Check,0,28,2025-10-10,2025-11-09,High Risk
C-1062,29239.12,Credit Card,0,15,2025-09-26,2025-10-26,High Risk
C-1075,31797.08,ACH,0,14,2025-08-29,2025-09-28,High Risk
C-1092,1148.18,Check,0,12,2025-09-02,2025-10-02,High Risk
C-1089,33345.1,Check,0,15,2025-06-12,2025-07-12,High Risk
C-1062,9312.78,Credit Card,0,16,2025-03-01,2025-03-31,High Risk
C-1097,48072.98,ACH,0,20,2025-01-06,2025-02-05,High Risk
C-1001,7858.81,Check,1,28,2025-07-16,2025-08-15,High Risk
C-1027,21023.89,Credit Card,0,28,2025-02-27,2025-03-29,High Risk
C-1062,4724.81,Check,0,6,2025-11-01,2025-12-01,Medium Risk
C-1077,49845.28,Wire,0,23,2025-08-05,2025-09-04,High Risk
C-1003,25358.65,Credit Card,0,25,2025-01-26,2025-02-25,High Risk
C-1070,29971.56,ACH,0,16,2025-10-30,2025-11-29,High Risk
C-1072,3820.29,ACH,0,6,2025-01-05,2025-02-04,Medium Risk
C-1027,37623.04,ACH,1,12,2025-01-20,2025-02-19,High Risk
C-1009,10890.33,ACH,0,4,2025-07-17,2025-08-16,Medium Risk
C-1062,44953.69,Check,0,25,2025-02-28,2025-03-30,High Risk
C-1037,10654.41,Check,0,16,2025-08-30,2025-09-29,High Risk
C-1097,9939.04,ACH,0,2,2025-05-26,2025-06-25,Low Risk
C-1051,2309.21,ACH,1,6,2025-09-30,2025-10-30,High Risk
C-1044,23867.31,ACH,0,25,2025-09-06,2025-10-06,High Risk
C-1024,28459.64,Check,0,16,2025-01-14,2025-02-13,High Risk
C-1079,3752.58,ACH,0,6,2025-01-13,2025-02-12,Medium Risk
C-1059,38888.62,ACH,0,20,2025-02-13,2025-03-15,High Risk
C-1032,22937.8,Wire,0,0,2025-01-19,2025-02-18,Low Risk
C-1096,26457.32,Wire,0,16,2025-03-04,2025-04-03,High Risk
C-1088,22317.76,ACH,0,29,2025-08-27,2025-09-26,High Risk
C-1052,20337.77,Credit Card,0,16,2025-12-03,2026-01-02,High Risk
C-1062,28202.2,ACH,0,10,2025-04-10,2025-05-10,Medium Risk
C-1058,8184.39,Wire,0,24,2025-06-12,2025-07-12,High Risk
C-1052,9505.44,Credit Card,0,26,2025-05-02,2025-06-01,High Risk
C-1012,43158.39,Credit Card,0,28,2025-02-13,2025-03-15,High Risk
C-1039,47332.72,ACH,0,2,2025-12-26,2026-01-25,High Risk
C-1002,18978.81,Wire,0,14,2025-11-13,2025-12-13,High Risk
C-1003,13901.86,Wire,0,28,2025-05-25,2025-06-24,High Risk
C-1056,32377.98,Credit Card,0,20,2025-11-23,2025-12-23,High Risk
C-1081,20732.34,ACH,0,10,2025-12-29,2026-01-28,Medium Risk
C-1059,1756.62,Check,0,25,2025-02-19,2025-03-21,High Risk
C-1002,8229.55,Check,0,27,2025-03-06,2025-04-05,High Risk
C-1002,35940.63,Wire,0,15,2025-12-21,2026-01-20,High Risk
C-1092,33116.74,Check,0,24,2025-10-15,2025-11-14,High Risk
C-1054,1841.25,Wire,0,21,2025-06-13,2025-07-13,High Risk
C-1087,11487.62,Wire,0,27,2025-05-21,2025-06-20,High Risk
C-1096,11938.2,Wire,0,8,2025-11-10,2025-12-10,Medium Risk
C-1097,33758.69,Check,0,23,2025-05-08,2025-06-07,High Risk
C-1001,1475.67,Wire,1,23,2025-08-27,2025-09-26,High Risk
C-1019,5653.37,Credit Card,0,0,2025-11-20,2025-12-20,Low Risk
C-1002,40095.85,ACH,0,28,2025-10-23,2025-11-22,High Risk
C-1053,9337.96,ACH,0,24,2025-07-06,2025-08-05,High Risk
C-1044,32810.93,Wire,0,21,2025-07-27,2025-08-26,High Risk
C-1090,12290.05,ACH,0,15,2025-08-08,2025-09-07,High Risk
C-1032,5422.35,Check,0,8,2025-07-09,2025-08-08,Medium Risk
C-1070,12537.02,Check,0,18,2025-12-12,2026-01-11,High Risk
C-1032,36252.21,ACH,0,11,2025-10-11,2025-11-10,High Risk
C-1068,42856.98,Check,0,18,2025-12-18,2026-01-17,High Risk
C-1055,41595.88,ACH,0,21,2025-08-25,2025-09-24,High Risk
C-1075,20160.58,ACH,0,8,2025-07-13,2025-08-12,Medium Risk
C-1056,33570.21,ACH,0,6,2025-10-14,2025-11-13,High Risk
C-1017,10646.72,Wire,0,13,2025-09-16,2025-10-16,High Risk
C-1038,15010.81,ACH,0,28,2025-09-03,2025-10-03,High Risk
C-1024,44868.62,Wire,0,18,2025-05-16,2025-06-15,High Risk
C-1069,1143.6,ACH,0,18,2025-10-07,2025-11-06,High Risk
C-1098,4732.67,ACH,0,1,2025-09-28,2025-10-28,Low Risk
C-1070,10790.37,ACH,0,8,2025-06-20,2025-07-20,Medium Risk
C-1086,1813.34,Check,0,12,2025-06-08,2025-07-08,High Risk
C-1011,9481.05,Wire,0,14,2025-07-20,2025-08-19,High Risk
C-1016,29360.56,Wire,0,2,2025-02-14,2025-03-16,Low Risk
C-1097,21360.52,ACH,0,10,2025-09-21,2025-10-21,Medium Risk
C-1073,44687.25,ACH,0,20,2025-03-12,2025-04-11,High Risk
C-1059,40963.46,Check,0,13,2025-12-30,2026-01-29,High Risk
C-1070,17419.96,Check,0,29,2025-04-13,2025-05-13,High Risk
C-1080,13341.46,Check,1,24,2025-05-05,2025-06-04,High Risk
C-1093,19294.77,Wire,0,7,2025-11-09,2025-12-09,Medium Risk
C-1003,29719.6,Wire,0,17,2025-10-13,2025-11-12,High Risk
C-1020,13769.15,Wire,0,18,2025-08-18,2025-09-17,High Risk
C-1059,31395.37,ACH,0,15,2025-05-26,2025-06-25,High Risk
C-1036,20765.88,Wire,0,1,2025-07-16,2025-08-15,Low Risk
C-1019,27826.34,Credit Card,0,7,2025-08-09,2025-09-08,Medium Risk
C-1090,22088.26,Credit Card,1,21,2025-03-01,2025-03-31,High Risk
C-1067,15076.06,Check,0,5,2025-04-08,2025-05-08,Medium Risk
C-1019,47448.44,Wire,0,11,2025-06-20,2025-07-20,High Risk
C-1020,38298.49,Credit Card,0,14,2025-06-22,2025-07-22,High Risk
C-1096,7435.6,Check,0,24,2025-05-31,2025-06-30,High Risk
C-1071,43489.16,Wire,0,7,2025-12-16,2026-01-15,High Risk
C-1052,24627.84,ACH,0,3,2025-05-02,2025-06-01,Medium Risk
C-1033,44780.34,Credit Card,0,14,2025-04-18,2025-05-18,High Risk
C-1040,40092.84,ACH,0,27,2025-01-04,2025-02-03,High Risk
C-1039,21548.07,Wire,0,19,2025-04-03,2025-05-03,High Risk
C-1082,1612.23,Credit Card,1,24,2025-01-06,2025-02-05,High Risk
C-1001,13799.53,Wire,0,16,2025-10-15,2025-11-14,High Risk
C-1011,27310.89,ACH,1,12,2025-04-16,2025-05-16,High Risk
C-1092,31857.17,Credit Card,0,17,2025-05-26,2025-06-25,High Risk
C-1057,13265.44,ACH,0,1,2025-09-28,2025-10-28,Low Risk
C-1089,7398.13,Wire,0,12,2025-04-06,2025-05-06,High Risk
C-1050,41829.05,Wire,0,12,2025-08-17,2025-09-16,High Risk
C-1023,49227.91,ACH,1,21,2025-07-21,2025-08-20,High Risk
C-1031,26521.66,Credit Card,0,14,2025-07-31,2025-08-30,High Risk
C-1094,8998.12,ACH,1,19,2025-01-06,2025-02-05,High Risk
C-1042,13979.21,Wire,0,28,2025-04-22,2025-05-22,High Risk
C-1099,1410.34,ACH,0,26,2025-11-19,2025-12-19,High Risk
C-1007,45757.79,Wire,0,9,2025-04-16,2025-05-16,High Risk
C-1016,6328.68,ACH,0,28,2025-05-19,2025-06-18,High Risk
C-1090,29037.57,Credit Card,0,2,2025-10-26,2025-11-25,Low Risk
C-1060,14065.73,Credit Card,0,18,2025-04-06,2025-05-06,High Risk
C-1002,27931.81,ACH,0,2,2025-12-03,2026-01-02,Low Risk
C-1001,32745.31,ACH,0,21,2025-10-24,2025-11-23,High Risk
C-1048,41572.22,Credit Card,0,13,2025-08-02,2025-09-01,High Risk
C-1012,10717.85,Wire,0,7,2025-10-18,2025-11-17,Medium Risk
C-1069,1044.29,Credit Card,0,26,2025-01-22,2025-02-21,High Risk
C-1037,7275.84,Wire,0,22,2025-07-12,2025-08-11,High Risk
C-1032,45050.92,ACH,0,29,2025-05-30,2025-06-29,High Risk
C-1009,43757.56,ACH,0,3,2025-09-04,2025-10-04,High Risk
C-1099,30071.95,Wire,0,26,2025-09-24,2025-10-24,High Risk
C-1019,30225.58,ACH,0,27,2025-09-08,2025-10-08,High Risk
C-1048,33419.32,Wire,1,19,2025-01-03,2025-02-02,High Risk
C-1080,9180.88,Check,0,10,2025-11-12,2025-12-12,Medium Risk
C-1003,45763.39,Credit Card,0,25,2025-03-17,2025-04-16,High Risk
C-1020,21229.14,Check,0,10,2025-03-28,2025-04-27,Medium Risk
C-1024,19465.36,Wire,0,26,2025-09-27,2025-10-27,High Risk
C-1054,26186.43,Credit Card,0,29,2025-08-13,2025-09-12,High Risk
C-1033,2824.82,Wire,0,10,2025-01-18,2025-02-17,Medium Risk
C-1024,8731.03,Credit Card,0,1,2025-04-23,2025-05-23,Low Risk
C-1075,37032.66,Credit Card,0,29,2025-09-08,2025-10-08,High Risk
C-1072,4598.53,Credit Card,1,16,2025-08-21,2025-09-20,High Risk
C-1036,30356.03,Credit Card,0,8,2025-11-25,2025-12-25,High Risk
C-1038,12644.78,Wire,0,27,2025-10-06,2025-11-05,High Risk
C-1084,19770.13,Credit Card,0,27,2025-07-21,2025-08-20,High Risk
C-1099,14790.34,Credit Card,0,1,2025-03-24,2025-04-23,Low Risk
C-1089,18105.8,Check,0,28,2025-05-05,2025-06-04,High Risk
C-1099,36092.77,ACH,0,23,2025-06-24,2025-07-24,High Risk
C-1025,15207.52,ACH,0,14,2025-03-10,2025-04-09,High Risk
C-1093,28537.03,Check,0,15,2025-02-16,2025-03-18,High Risk
C-1018,24064.49,Check,0,24,2025-09-13,2025-10-13,High Risk
C-1082,33351.72,Wire,0,3,2025-08-03,2025-09-02,High Risk
C-1066,46873.07,Wire,1,7,2025-01-30,2025-03-01,High Risk
C-1054,36762.32,Wire,1,8,2025-10-08,2025-11-07,High Risk
C-1035,11139.55,Check,0,25,2025-08-25,2025-09-24,High Risk
C-1080,2043.57,Check,0,25,2025-09-05,2025-10-05,High Risk
C-1061,13482.07,Credit Card,0,4,2025-01-25,2025-02-24,Medium Risk
C-1041,29956.36,Wire,0,15,2025-03-15,2025-04-14,High Risk
C-1100,3045.58,Wire,0,12,2025-07-25,2025-08-24,High Risk
C-1033,25070.13,Wire,0,29,2025-11-10,2025-12-10,High Risk
C-1068,30043.72,ACH,0,6,2025-04-04,2025-05-04,High Risk
C-1033,17045.07,Credit Card,0,25,2025-05-07,2025-06-06,High Risk
C-1014,38660.15,Wire,0,19,2025-01-25,2025-02-24,High Risk
C-1021,5776.61,Wire,1,16,2025-11-30,2025-12-30,High Risk
C-1048,4219.32,Wire,0,2,2025-12-21,2026-01-20,Low Risk
C-1020,36545.34,ACH,0,4,2025-04-26,2025-05-26,High Risk
C-1008,25026.82,ACH,1,18,2025-02-17,2025-03-19,High Risk
C-1007,34575.92,Check,0,11,2025-08-14,2025-09-13,High Risk
C-1067,22023.95,Credit Card,0,28,2025-09-23,2025-10-23,High Risk
C-1017,12696.9,Check,0,26,2025-04-09,2025-05-09,High Risk
C-1033,41045.56,Credit Card,0,6,2025-01-11,2025-02-10,High Risk
C-1048,40071.09,ACH,0,27,2025-03-26,2025-04-25,High Risk
C-1076,34887.48,Wire,0,8,2025-08-02,2025-09-01,High Risk
C-1059,13971.18,Check,0,27,2025-06-22,2025-07-22,High Risk
C-1086,29716.42,Wire,0,5,2025-07-28,2025-08-27,Medium Risk
C-1022,18368.21,Check,0,28,2025-03-05,2025-04-04,High Risk
C-1030,5033.31,ACH,0,25,2025-09-15,2025-10-15,High Risk
C-1038,45907.02,ACH,0,16,2025-11-28,2025-12-28,High Risk
C-1051,7272.52,ACH,0,15,2025-05-01,2025-05-31,High Risk
C-1054,47536.75,Check,1,22,2025-10-25,2025-11-24,High Risk
C-1008,22577.29,Credit Card,0,2,2025-02-23,2025-03-25,Low Risk
C-1027,9664.08,Check,0,20,2025-11-27,2025-12-27,High Risk
C-1027,27324.1,Credit Card,0,25,2025-09-29,2025-10-29,High Risk
C-1098,43710.82,Check,0,3,2025-08-29,2025-09-28,High Risk
C-1021,36745.13,Check,1,9,2025-08-31,2025-09-30,High Risk
C-1030,40424.78,ACH,0,4,2025-01-18,2025-02-17,High Risk
C-1097,33109.78,Wire,0,20,2025-07-06,2025-08-05,High Risk
C-1028,34767.69,Wire,0,21,2025-12-12,2026-01-11,High Risk
C-1064,42535.18,Credit Card,0,29,2025-05-24,2025-06-23,High Risk
C-1097,12858.57,Wire,0,9,2025-09-19,2025-10-19,Medium Risk
C-1069,24726.54,Check,0,11,2025-12-30,2026-01-29,High Risk
C-1061,11449.87,Check,0,9,2025-08-27,2025-09-26,Medium Risk
C-1048,49389.57,ACH,0,28,2025-10-31,2025-11-30,High Risk
C-1019,47230.94,ACH,0,12,2025-10-25,2025-11-24,High Risk
C-1004,2451.63,Wire,0,10,2025-03-17,2025-04-16,Medium Risk
C-1035,35425.97,Credit Card,0,21,2025-07-07,2025-08-06,High Risk
C-1064,46299.79,Wire,1,15,2025-11-29,2025-12-29,High Risk
C-1049,9438.48,Wire,0,7,2025-09-03,2025-10-03,Medium Risk
C-1017,28613.29,Wire,0,7,2025-05-10,2025-06-09,Medium Risk
C-1044,45816.67,Wire,0,26,2025-11-11,2025-12-11,High Risk
C-1092,2180.33,Check,0,24,2025-10-10,2025-11-09,High Risk
C-1030,35022.3,Credit Card,0,7,2025-03-20,2025-04-19,High Risk
C-1093,15218.78,Check,0,12,2025-03-13,2025-04-12,High Risk
C-1046,46257.61,Credit Card,0,26,2025-09-20,2025-10-20,High Risk
C-1006,48567.38,ACH,0,1,2025-07-10,2025-08-09,High Risk
C-1099,47241.19,Wire,0,29,2025-03-04,2025-04-03,High Risk
C-1037,23973.6,Check,0,29,2025-01-12,2025-02-11,High Risk
C-1024,43171.11,Credit Card,0,11,2025-05-21,2025-06-20,High Risk
C-1093,42305.2,ACH,1,9,2025-09-11,2025-10-11,High Risk
C-1046,16295.47,ACH,0,11,2025-02-12,2025-03-14,High Risk
C-1053,41531.32,Wire,1,10,2025-01-17,2025-02-16,High Risk
C-1095,2331.88,Credit Card,0,14,2025-03-04,2025-04-03,High Risk
C-1099,30015.36,Check,0,15,2025-09-10,2025-10-10,High Risk
C-1060,11885.44,Wire,0,16,2025-10-19,2025-11-18,High Risk
C-1097,6468.06,Check,0,25,2025-01-08,2025-02-07,High Risk
C-1063,4309.18,ACH,0,1,2025-11-21,2025-12-21,Low Risk
C-1085,34966.29,Check,0,17,2025-03-31,2025-04-30,High Risk
C-1032,17323.81,Check,0,11,2025-07-27,2025-08-26,High Risk
C-1087,36375.96,Wire,0,18,2025-10-19,2025-11-18,High Risk
C-1033,3735.14,Check,0,25,2025-10-11,2025-11-10,High Risk
C-1067,16106.87,Wire,0,22,2025-04-28,2025-05-28,High Risk
C-1018,27204.82,ACH,0,17,2025-12-15,2026-01-14,High Risk
C-1025,39640.8,Wire,0,29,2025-06-24,2025-07-24,High Risk
C-1095,16278.25,Wire,0,16,2025-03-17,2025-04-16,High Risk
C-1054,31481.62,Credit Card,0,29,2025-04-11,2025-05-11,High Risk
C-1058,44355.9,Check,0,5,2025-05-31,2025-06-30,High Risk
C-1067,30985.23,ACH,0,24,2025-09-27,2025-10-27,High Risk
C-1046,12031.49,Wire,0,14,2025-03-12,2025-04-11,High Risk
C-1024,1707.84,ACH,0,2,2025-06-29,2025-07-29,Low Risk
C-1032,43569.89,Credit Card,0,5,2025-05-04,2025-06-03,High Risk
C-1047,1552.84,Check,0,2,2025-10-20,2025-11-19,Low Risk
C-1086,43797.73,Wire,0,29,2025-10-12,2025-11-11,High Risk
C-1023,26682.39,Check,0,28,2025-07-14,2025-08-13,High Risk
C-1066,46983.85,Credit Card,0,0,2025-08-16,2025-09-15,Medium Risk
C-1027,40039.77,Credit Card,1,29,2025-10-02,2025-11-01,High Risk
C-1002,49897.74,ACH,0,12,2025-04-16,2025-05-16,High Risk
C-1090,17860.23,Wire,1,27,2025-01-21,2025-02-20,High Risk
C-1017,38475.82,ACH,0,20,2025-03-05,2025-04-04,High Risk
C-1033,20395.58,Credit Card,0,25,2025-06-14,2025-07-14,High Risk
C-1009,24253.84,Check,0,13,2025-01-27,2025-02-26,High Risk
C-1043,31561.52,ACH,0,12,2025-11-07,2025-12-07,High Risk
C-1048,43747.02,ACH,0,26,2025-10-12,2025-11-11,High Risk
C-1039,49212.13,Check,0,3,2025-05-28,2025-06-27,High Risk
C-1093,38529.53,ACH,0,6,2025-10-08,2025-11-07,High Risk
C-1042,21179.46,Check,0,21,2025-11-22,2025-12-22,High Risk
C-1026,21357.17,Wire,0,9,2025-11-15,2025-12-15,Medium Risk
C-1099,37010.32,Check,0,6,2025-06-13,2025-07-13,High Risk
C-1050,12319.47,Wire,0,20,2025-08-12,2025-09-11,High Risk
C-1025,5968.47,Check,0,14,2025-09-29,2025-10-29,High Risk
C-1024,18053.8,Credit Card,0,14,2025-05-26,2025-06-25,High Risk
C-1013,14718.33,Credit Card,1,3,2025-12-22,2026-01-21,High Risk
C-1060,15167.25,Wire,0,22,2025-01-30,2025-03-01,High Risk
C-1007,12063.58,Wire,1,22,2025-02-14,2025-03-16,High Risk
C-1057,2583.61,Credit Card,0,5,2025-10-02,2025-11-01,Medium Risk
C-1036,1384.76,Wire,0,23,2025-02-03,2025-03-05,High Risk
C-1045,49392.26,Check,0,19,2025-05-21,2025-06-20,High Risk
C-1020,21674.77,Check,0,25,2025-11-14,2025-12-14,High Risk
C-1065,19524.17,Credit Card,1,4,2025-08-09,2025-09-08,High Risk
C-1008,34142.54,ACH,0,19,2025-12-22,2026-01-21,High Risk
C-1016,11303.57,Check,0,11,2025-01-22,2025-02-21,High Risk
C-1014,47523.08,Wire,0,0,2025-06-29,2025-07-29,Medium Risk
C-1076,39424.08,ACH,0,27,2025-11-25,2025-12-25,High Risk
C-1087,4925.84,ACH,0,7,2025-08-19,2025-09-18,Medium Risk
C-1015,21170.25,Check,0,0,2025-02-07,2025-03-09,Low Risk
C-1092,44016.36,Check,0,4,2025-03-11,2025-04-10,High Risk
C-1098,47264.24,ACH,0,21,2025-04-26,2025-05-26,High Risk
C-1066,23636.37,ACH,0,5,2025-08-27,2025-09-26,Medium Risk
C-1032,30863.86,Credit Card,0,28,2025-12-01,2025-12-31,High Risk
C-1087,8768.18,Wire,0,20,2025-05-28,2025-06-27,High Risk
C-1063,49562.85,Credit Card,0,2,2025-01-09,2025-02-08,High Risk
C-1086,11967.75,Check,0,14,2025-10-15,2025-11-14,High Risk
C-1051,47165.22,Credit Card,0,4,2025-02-19,2025-03-21,High Risk
C-1025,32657.51,Credit Card,0,27,2025-12-04,2026-01-03,High Risk
C-1058,30582.97,Credit Card,0,23,2025-01-05,2025-02-04,High Risk
C-1063,25878.08,Credit Card,0,13,2025-12-09,2026-01-08,High Risk
C-1062,11918.16,Wire,0,17,2025-05-06,2025-06-05,High Risk
C-1022,9238.14,Wire,0,15,2025-03-16,2025-04-15,High Risk
C-1058,11414.07,ACH,0,5,2025-06-14,2025-07-14,Medium Risk
C-1058,9728.69,Check,0,24,2025-10-05,2025-11-04,High Risk
C-1086,39089.43,Credit Card,0,23,2025-11-20,2025-12-20,High Risk
C-1049,17831.2,ACH,0,13,2025-10-27,2025-11-26,High Risk
C-1052,3363.21,ACH,0,26,2025-10-17,2025-11-16,High Risk
C-1042,48470.58,ACH,0,23,2025-03-18,2025-04-17,High Risk
C-1070,44247.4,Wire,0,7,2025-10-25,2025-11-24,High Risk
C-1015,46423.74,Credit Card,0,28,2025-05-17,2025-06-16,High Risk
C-1054,49747.94,Credit Card,0,6,2025-04-16,2025-05-16,High Risk
C-1060,9107.81,Check,0,7,2025-04-05,2025-05-05,Medium Risk
C-1097,20113.98,Credit Card,0,12,2025-05-15,2025-06-14,High Risk
C-1008,38032.8,Credit Card,0,5,2025-03-09,2025-04-08,High Risk
C-1053,34953.02,ACH,0,17,2025-05-27,2025-06-26,High Risk
C-1060,8117.85,Check,0,1,2025-06-08,2025-07-08,Low Risk
C-1005,40883.74,Credit Card,0,7,2025-06-12,2025-07-12,High Risk
C-1068,11609.81,Wire,0,10,2025-12-07,2026-01-06,Medium Risk
C-1006,11578.97,Credit Card,0,0,2025-07-08,2025-08-07,Low Risk
C-1096,27080.23,ACH,0,21,2025-12-05,2026-01-04,High Risk
C-1094,29850.53,Wire,0,28,2025-04-05,2025-05-05,High Risk
C-1047,29214.27,ACH,0,5,2025-06-30,2025-07-30,Medium Risk
C-1099,5028.6,Credit Card,0,15,2025-10-15,2025-11-14,High Risk
C-1055,43934.31,Wire,0,26,2025-11-18,2025-12-18,High Risk
C-1040,13647.2,Check,0,19,2025-07-06,2025-08-05,High Risk
C-1052,6910.99,Check,0,11,2025-05-18,2025-06-17,High Risk
C-1016,44493.03,Wire,0,10,2025-05-10,2025-06-09,High Risk
C-1013,47804.75,Wire,0,28,2025-07-13,2025-08-12,High Risk
C-1030,43175.32,ACH,0,26,2025-11-12,2025-12-12,High Risk
C-1019,40571.05,Wire,1,28,2025-09-30,2025-10-30,High Risk
C-1017,32934.48,ACH,0,9,2025-12-18,2026-01-17,High Risk
C-1063,27767.44,Credit Card,1,2,2025-05-24,2025-06-23,High Risk
C-1019,4805.84,ACH,0,12,2025-01-16,2025-02-15,High Risk
C-1092,20718.43,Wire,0,26,2025-10-29,2025-11-28,High Risk
C-1058,18948.08,Wire,0,2,2025-09-02,2025-10-02,Low Risk
C-1055,13357.81,Credit Card,0,14,2025-04-17,2025-05-17,High Risk
C-1090,36309.3,Wire,0,15,2025-03-29,2025-04-28,High Risk
C-1090,25045.85,Wire,0,28,2025-05-09,2025-06-08,High Risk
C-1062,4511.79,Check,0,12,2025-12-07,2026-01-06,High Risk
C-1023,11399.07,Check,0,16,2025-01-04,2025-02-03,High Risk
C-1009,34321.31,Credit Card,0,2,2025-11-23,2025-12-23,High Risk
C-1012,4268.48,ACH,0,19,2025-11-02,2025-12-02,High Risk
C-1001,42634.74,Check,1,10,2025-04-05,2025-05-05,High Risk
C-1058,25009.75,ACH,0,26,2025-07-28,2025-08-27,High Risk
C-1001,24289.04,Wire,1,20,2025-08-13,2025-09-12,High Risk
C-1034,29824.19,Check,0,18,2025-12-14,2026-01-13,High Risk
C-1096,41321.71,Credit Card,0,21,2025-11-17,2025-12-17,High Risk
C-1048,17716.56,Credit Card,0,10,2025-02-16,2025-03-18,Medium Risk
C-1089,34061.8,Credit Card,0,29,2025-06-30,2025-07-30,High Risk
C-1001,28503.73,Check,0,27,2025-04-16,2025-05-16,High Risk
C-1016,13717.9,ACH,0,15,2025-07-18,2025-08-17,High Risk
C-1061,43992.18,Wire,0,20,2025-04-16,2025-05-16,High Risk
C-1064,39972.59,ACH,1,2,2025-10-07,2025-11-06,High Risk
C-1063,33093.37,ACH,0,21,2025-09-17,2025-10-17,High Risk
C-1069,42603.8,Wire,0,5,2025-04-18,2025-05-18,High Risk
C-1022,43431.06,Wire,0,13,2025-01-19,2025-02-18,High Risk
C-1093,35563.97,Check,0,23,2025-10-23,2025-11-22,High Risk
C-1067,41932.16,Check,0,17,2025-11-02,2025-12-02,High Risk
C-1076,35024.84,Check,0,16,2025-06-20,2025-07-20,High Risk
C-1026,34166.97,Check,0,3,2025-11-27,2025-12-27,High Risk
C-1016,31121.26,Check,0,22,2025-07-14,2025-08-13,High Risk
C-1051,37759.47,Wire,0,14,2025-01-12,2025-02-11,High Risk
C-1086,8350.95,ACH,0,10,2025-07-14,2025-08-13,Medium Risk
C-1057,44103.1,Check,0,25,2025-10-10,2025-11-09,High Risk
C-1029,43656.25,Check,0,2,2025-07-01,2025-07-31,High Risk
C-1078,1947.74,ACH,0,2,2025-11-01,2025-12-01,Low Risk
C-1092,41377.93,Check,0,15,2025-05-24,2025-06-23,High Risk
C-1069,6879.06,ACH,0,4,2025-11-12,2025-12-12,Medium Risk
C-1047,17088.38,ACH,0,20,2025-07-01,2025-07-31,High Risk
C-1094,37303.66,Wire,0,28,2025-01-30,2025-03-01,High Risk
C-1062,8457.61,Credit Card,0,9,2025-03-25,2025-04-24,Medium Risk
C-1069,40989.37,Wire,0,18,2025-06-15,2025-07-15,High Risk
C-1076,41690.64,Credit Card,0,24,2025-10-11,2025-11-10,High Risk
C-1016,25619.65,Credit Card,0,3,2025-10-08,2025-11-07,Medium Risk
C-1090,816.1,Credit Card,0,28,2025-04-06,2025-05-06,High Risk
C-1090,14708.39,Check,0,28,2025-09-23,2025-10-23,High Risk
C-1048,31037.88,Wire,0,18,2025-10-25,2025-11-24,High Risk
C-1085,49068.72,Credit Card,0,10,2025-10-23,2025-11-22,High Risk
C-1039,31774.77,ACH,0,1,2025-08-13,2025-09-12,High Risk
C-1100,13360.28,Check,0,9,2025-11-29,2025-12-29,Medium Risk
C-1033,31883.28,Wire,0,28,2025-12-27,2026-01-26,High Risk
C-1094,27229.28,Credit Card,0,10,2025-02-11,2025-03-13,Medium Risk
C-1023,39102.35,ACH,0,24,2025-10-30,2025-11-29,High Risk
C-1010,5795.54,Wire,0,19,2025-09-03,2025-10-03,High Risk
C-1069,38170.88,Wire,0,15,2025-07-27,2025-08-26,High Risk
C-1100,27292.7,Check,0,18,2025-08-25,2025-09-24,High Risk
C-1034,48168.1,Wire,0,22,2025-01-22,2025-02-21,High Risk
C-1052,17422.67,Check,0,23,2025-07-04,2025-08-03,High Risk
C-1095,31814.78,Credit Card,0,10,2025-08-30,2025-09-29,High Risk
C-1010,46635.39,Check,0,13,2025-12-29,2026-01-28,High Risk
C-1019,5574.23,ACH,0,1,2025-10-10,2025-11-09,Low Risk
C-1058,46892.81,Check,0,22,2025-02-10,2025-03-12,High Risk
C-1096,34550.34,ACH,0,27,2025-12-02,2026-01-01,High Risk
C-1001,3857.93,Check,0,4,2025-06-11,2025-07-11,Medium Risk
C-1069,15397.7,Wire,0,26,2025-06-09,2025-07-09,High Risk
C-1004,35554.52,Credit Card,0,4,2025-03-30,2025-04-29,High Risk
C-1016,3833.85,ACH,0,18,2025-11-18,2025-12-18,High Risk
C-1024,29317.44,Check,0,20,2025-01-12,2025-02-11,High Risk
C-1080,17621.21,Check,0,11,2025-03-14,2025-04-13,High Risk
C-1002,31235.32,Check,0,17,2025-03-17,2025-04-16,High Risk
C-1092,2764.23,Wire,1,3,2025-12-12,2026-01-11,High Risk
C-1032,43641.07,Wire,0,21,2025-07-20,2025-08-19,High Risk
C-1091,48687.7,ACH,0,16,2025-01-10,2025-02-09,High Risk
C-1084,48459.45,ACH,0,9,2025-12-18,2026-01-17,High Risk
C-1024,37607.77,Wire,0,19,2025-08-14,2025-09-13,High Risk
C-1012,6939.27,ACH,0,5,2025-06-25,2025-07-25,Medium Risk
C-1050,38034.03,Credit Card,0,24,2025-10-03,2025-11-02,High Risk
C-1035,1717.05,Credit Card,1,13,2025-02-08,2025-03-10,High Risk
C-1033,1595.12,Wire,0,10,2025-03-01,2025-03-31,Medium Risk
C-1033,16518.71,ACH,0,10,2025-03-07,2025-04-06,Medium Risk
C-1061,24687.84,Check,0,28,2025-11-17,2025-12-17,High Risk
C-1051,38635.17,Credit Card,0,17,2025-05-04,2025-06-03,High Risk
C-1043,34323.12,Wire,0,26,2025-06-13,2025-07-13,High Risk
C-1012,22572.18,ACH,0,22,2025-06-08,2025-07-08,High Risk
C-1067,14044.52,Wire,0,21,2025-02-26,2025-03-28,High Risk
C-1065,49857.66,Check,0,17,2025-03-19,2025-04-18,High Risk
C-1033,21595.97,Credit Card,0,23,2025-07-13,2025-08-12,High Risk
C-1040,22843.66,Wire,0,22,2025-10-12,2025-11-11,High Risk
C-1074,8599.38,Wire,0,10,2025-01-15,2025-02-14,Medium Risk
C-1043,39843.07,Wire,0,20,2025-01-12,2025-02-11,High Risk
C-1044,34837.27,Check,0,11,2025-04-11,2025-05-11,High Risk
C-1029,11428.1,Wire,0,4,2025-06-05,2025-07-05,Medium Risk
C-1013,4577.86,Check,0,22,2025-12-06,2026-01-05,High Risk
C-1012,34184.72,Check,1,8,2025-05-05,2025-06-04,High Risk
C-1095,32898.31,Check,0,26,2025-12-25,2026-01-24,High Risk
C-1046,14026.35,Credit Card,0,24,2025-10-07,2025-11-06,High Risk
C-1002,47567.75,Credit Card,0,8,2025-04-20,2025-05-20,High Risk
C-1035,7977.37,Wire,0,21,2025-11-30,2025-12-30,High Risk
C-1087,21900.57,Wire,0,9,2025-12-23,2026-01-22,Medium Risk
C-1081,47208.99,Credit Card,0,21,2025-05-26,2025-06-25,High Risk
C-1090,21276.5,ACH,0,18,2025-08-04,2025-09-03,High Risk
C-1008,32107.03,Credit Card,0,0,2025-06-11,2025-07-11,Medium Risk
C-1093,20180.92,Check,0,6,2025-05-08,2025-06-07,Medium Risk
C-1026,14073.65,Credit Card,0,3,2025-11-10,2025-12-10,Medium Risk
C-1074,49206.89,Check,0,0,2025-11-28,2025-12-28,Medium Risk
C-1090,20762.03,Wire,0,14,2025-05-30,2025-06-29,High Risk
C-1034,44757.91,ACH,0,7,2025-02-05,2025-03-07,High Risk
C-1007,11882.75,Wire,0,11,2025-06-22,2025-07-22,High Risk
C-1068,11048.68,Check,0,21,2025-01-22,2025-02-21,High Risk
C-1058,2041.14,Check,1,21,2025-07-25,2025-08-24,High Risk
C-1075,32757.51,Check,1,17,2025-05-07,2025-06-06,High Risk
C-1029,18742.05,ACH,0,14,2025-12-02,2026-01-01,High Risk
C-1036,43285.73,Credit Card,1,16,2025-12-22,2026-01-21,High Risk
C-1089,23923.89,Wire,0,28,2025-08-05,2025-09-04,High Risk
C-1021,48425.57,Wire,1,13,2025-04-06,2025-05-06,High Risk
C-1036,9683.51,Credit Card,0,13,2025-06-13,2025-07-13,High Risk
C-1010,43496.85,Wire,0,17,2025-05-28,2025-06-27,High Risk
C-1073,38941.54,ACH,0,19,2025-01-18,2025-02-17,High Risk
C-1024,38660.63,Wire,0,17,2025-10-21,2025-11-20,High Risk
C-1064,42316.77,Check,0,15,2025-07-14,2025-08-13,High Risk
C-1099,38170.69,Credit Card,0,0,2025-05-31,2025-06-30,Medium Risk
C-1049,31497.91,ACH,0,22,2025-12-31,2026-01-30,High Risk
C-1099,6996.62,Credit Card,0,26,2025-05-03,2025-06-02,High Risk
C-1036,2110.05,ACH,0,10,2025-07-06,2025-08-05,Medium Risk
C-1082,46081.97,Check,0,14,2025-05-29,2025-06-28,High Risk
C-1096,31024.19,Credit Card,0,11,2025-04-14,2025-05-14,High Risk
C-1024,39928.6,Wire,0,7,2025-08-31,2025-09-30,High Risk
C-1023,24335.36,ACH,0,21,2025-08-19,2025-09-18,High Risk
C-1062,6306.76,Credit Card,0,19,2025-07-25,2025-08-24,High Risk
C-1096,6696.7,Wire,0,29,2025-07-17,2025-08-16,High Risk
C-1037,34435.48,Credit Card,1,5,2025-12-03,2026-01-02,High Risk
C-1012,21800.14,Credit Card,0,2,2025-03-28,2025-04-27,Low Risk
C-1055,10425.97,Credit Card,0,27,2025-05-22,2025-06-21,High Risk
C-1013,24833.93,ACH,0,23,2025-11-13,2025-12-13,High Risk
C-1023,3678.34,Wire,0,25,2025-07-18,2025-08-17,High Risk
C-1089,29307.58,Check,0,29,2025-02-15,2025-03-17,High Risk
C-1099,13815.17,ACH,0,12,2025-10-15,2025-11-14,High Risk
C-1030,39979.18,ACH,0,12,2025-01-15,2025-02-14,High Risk
C-1017,15862.92,ACH,0,1,2025-02-13,2025-03-15,Low Risk
C-1062,23033.4,Check,0,4,2025-06-18,2025-07-18,Medium Risk
C-1084,1075.22,Wire,0,16,2025-11-06,2025-12-06,High Risk
C-1089,4086.12,Wire,1,5,2025-02-13,2025-03-15,High Risk
C-1086,19928.43,Wire,0,1,2025-04-08,2025-05-08,Low Risk
C-1013,24256.97,Credit Card,0,3,2025-09-18,2025-10-18,Medium Risk
C-1059,30201.02,Credit Card,0,21,2025-04-19,2025-05-19,High Risk
C-1019,14937.3,Credit Card,0,25,2025-10-10,2025-11-09,High Risk
C-1049,34901.6,Check,0,10,2025-12-09,2026-01-08,High Risk
C-1100,43076.06,Credit Card,0,7,2025-04-14,2025-05-14,High Risk
C-1012,39102.62,Check,0,11,2025-09-13,2025-10-13,High Risk
C-1061,2461.13,Wire,0,7,2025-07-25,2025-08-24,Medium Risk
C-1019,24285.09,Credit Card,0,10,2025-12-01,2025-12-31,Medium Risk
C-1076,5694.04,Credit Card,0,21,2025-02-12,2025-03-14,High Risk
C-1009,12481.23,ACH,0,19,2025-12-19,2026-01-18,High Risk
C-1071,49339.8,Check,0,7,2025-09-02,2025-10-02,High Risk
C-1028,7553.53,Wire,0,28,2025-10-14,2025-11-13,High Risk
C-1078,25194.96,ACH,0,7,2025-12-21,2026-01-20,Medium Risk
C-1095,31098.71,ACH,0,25,2025-09-30,2025-10-30,High Risk
C-1052,35272.02,Wire,0,29,2025-03-24,2025-04-23,High Risk
C-1083,28202.61,ACH,1,16,2025-04-20,2025-05-20,High Risk
C-1016,983.66,Check,0,19,2025-07-09,2025-08-08,High Risk
C-1069,16659.83,Check,0,19,2025-10-15,2025-11-14,High Risk
C-1099,26126.73,Credit Card,0,22,2025-09-08,2025-10-08,High Risk
C-1012,4849.39,ACH,1,15,2025-07-31,2025-08-30,High Risk
C-1025,17856.03,Credit Card,0,13,2025-10-18,2025-11-17,High Risk
C-1052,2143.55,ACH,1,29,2025-05-13,2025-06-12,High Risk
C-1085,4389.64,Check,1,10,2025-07-20,2025-08-19,High Risk
C-1100,20147.7,Check,0,6,2025-10-12,2025-11-11,Medium Risk
C-1053,7069.43,Check,1,15,2025-11-22,2025-12-22,High Risk
C-1023,28593.27,ACH,0,12,2025-04-05,2025-05-05,High Risk
C-1016,34628.52,Check,0,26,2025-10-05,2025-11-04,High Risk
C-1057,40129.04,ACH,0,14,2025-11-21,2025-12-21,High Risk
C-1039,10407.44,Credit Card,0,23,2025-08-07,2025-09-06,High Risk
C-1053,8790.39,ACH,0,15,2025-03-30,2025-04-29,High Risk
C-1042,5676.11,Credit Card,0,26,2025-03-13,2025-04-12,High Risk
C-1058,32003.3,ACH,1,20,2025-09-04,2025-10-04,High Risk
C-1039,35470.55,Credit Card,0,22,2025-05-09,2025-06-08,High Risk
C-1014,2063.51,Check,0,23,2025-07-31,2025-08-30,High Risk
C-1095,46842.51,Credit Card,1,8,2025-12-09,2026-01-08,High Risk
C-1005,3072.58,Check,1,2,2025-04-06,2025-05-06,High Risk
C-1035,27294.17,Check,1,18,2025-03-16,2025-04-15,High Risk
C-1087,35598.5,Credit Card,0,19,2025-02-23,2025-03-25,High Risk
C-1093,43612.97,ACH,1,4,2025-12-10,2026-01-09,High Risk
C-1075,35847.3,ACH,0,9,2025-02-23,2025-03-25,High Risk
C-1018,40185.54,Wire,0,16,2025-08-06,2025-09-05,High Risk
C-1076,17302.78,ACH,0,14,2025-01-16,2025-02-15,High Risk
C-1009,40833.84,Wire,0,22,2025-04-09,2025-05-09,High Risk
C-1074,4465.68,ACH,0,24,2025-01-20,2025-02-19,High Risk
C-1058,44793.42,ACH,0,7,2025-02-15,2025-03-17,High Risk
C-1017,27605.82,Check,0,14,2025-07-12,2025-08-11,High Risk
C-1007,40956.24,Wire,0,20,2025-02-27,2025-03-29,High Risk
C-1046,22889.76,ACH,0,29,2025-04-21,2025-05-21,High Risk
C-1013,32357.1,Wire,0,13,2025-05-09,2025-06-08,High Risk
C-1040,26556.93,Check,0,19,2025-12-03,2026-01-02,High Risk
C-1042,36713.68,Check,0,27,2025-07-13,2025-08-12,High Risk
C-1009,4540.68,Wire,0,6,2025-12-06,2026-01-05,Medium Risk
C-1050,3487.43,Check,0,20,2025-11-22,2025-12-22,High Risk
C-1027,12731.61,Credit Card,1,22,2025-01-08,2025-02-07,High Risk
C-1066,8397.46,Credit Card,0,11,2025-01-29,2025-02-28,High Risk
C-1005,43653.29,Check,0,16,2025-04-22,2025-05-22,High Risk
C-1029,11351.09,Credit Card,0,16,2025-06-10,2025-07-10,High Risk
C-1037,48805.33,ACH,0,9,2025-05-11,2025-06-10,High Risk
C-1038,17176.34,Wire,0,29,2025-07-07,2025-08-06,High Risk
C-1083,9514.84,ACH,0,28,2025-06-12,2025-07-12,High Risk
C-1008,39590.08,Wire,0,18,2025-07-16,2025-08-15,High Risk
C-1065,33106.03,Check,0,13,2025-12-30,2026-01-29,High Risk
C-1086,25160.69,ACH,0,10,2025-07-23,2025-08-22,Medium Risk
C-1017,27990.5,Check,0,1,2025-07-31,2025-08-30,Low Risk
C-1071,36100.49,Check,0,17,2025-04-19,2025-05-19,High Risk
C-1089,11808.51,Wire,0,6,2025-10-03,2025-11-02,Medium Risk
C-1045,49818.53,Wire,0,11,2025-03-14,2025-04-13,High Risk
C-1004,48752.26,Wire,0,25,2025-06-16,2025-07-16,High Risk
C-1036,32691.12,ACH,1,1,2025-09-17,2025-10-17,High Risk
C-1070,10377.35,Credit Card,1,26,2025-08-31,2025-09-30,High Risk
C-1031,34171.3,Wire,0,19,2025-10-02,2025-11-01,High Risk
C-1019,4073.82,Wire,0,17,2025-04-12,2025-05-12,High Risk
C-1061,2017.3,ACH,0,5,2025-06-22,2025-07-22,Medium Risk
C-1054,13255.3,Wire,0,23,2025-06-20,2025-07-20,High Risk
C-1039,23399.84,ACH,0,9,2025-05-21,2025-06-20,Medium Risk
C-1091,43479.49,Check,1,19,2025-07-07,2025-08-06,High Risk
C-1074,36494.87,Wire,1,14,2025-03-27,2025-04-26,High Risk
C-1090,37263.97,Wire,0,4,2025-02-21,2025-03-23,High Risk
C-1019,21561.92,Check,0,19,2025-04-21,2025-05-21,High Risk
C-1039,17623.78,Check,0,2,2025-12-31,2026-01-30,Low Risk
C-1067,18866.42,Check,0,4,2025-12-08,2026-01-07,Medium Risk
C-1045,49388.65,Wire,0,29,2025-02-12,2025-03-14,High Risk
C-1013,2485.4,Credit Card,0,24,2025-07-30,2025-08-29,High Risk
C-1092,43418.06,Credit Card,0,7,2025-07-19,2025-08-18,High Risk
C-1058,29144.43,Credit Card,0,7,2025-10-25,2025-11-24,Medium Risk
C-1020,22211.46,Wire,0,7,2025-12-12,2026-01-11,Medium Risk
C-1092,36400.25,Check,1,11,2025-08-28,2025-09-27,High Risk
C-1072,24590.11,Wire,0,23,2025-04-25,2025-05-25,High Risk
C-1061,43734.45,Check,0,22,2025-01-26,2025-02-25,High Risk
C-1039,45084.74,Wire,0,7,2025-10-26,2025-11-25,High Risk
C-1001,21375.19,Wire,0,10,2025-03-18,2025-04-17,Medium Risk
C-1003,14202.98,Check,0,13,2025-05-17,2025-06-16,High Risk
C-1077,29821.34,Credit Card,0,7,2025-01-20,2025-02-19,Medium Risk
C-1092,45661.99,Check,0,28,2025-07-30,2025-08-29,High Risk
C-1062,10927.78,ACH,0,29,2025-08-28,2025-09-27,High Risk
C-1063,31336.85,ACH,1,23,2025-02-08,2025-03-10,High Risk
C-1025,31762.23,Check,0,27,2025-09-25,2025-10-25,High Risk
C-1056,36789.09,Wire,0,9,2025-07-26,2025-08-25,High Risk
C-1033,7012.6,ACH,0,6,2025-09-24,2025-10-24,Medium Risk
C-1038,35933.34,ACH,0,27,2025-06-03,2025-07-03,High Risk
C-1006,45497.11,Wire,0,16,2025-02-11,2025-03-13,High Risk
C-1058,9394.31,Wire,0,3,2025-01-11,2025-02-10,Medium Risk
C-1044,12258.39,Credit Card,0,28,2025-10-21,2025-11-20,High Risk
C-1045,48584.06,Wire,0,12,2025-04-08,2025-05-08,High Risk
C-1032,9458.36,Check,1,3,2025-10-02,2025-11-01,High Risk
C-1045,42792.06,Check,0,4,2025-08-18,2025-09-17,High Risk
C-1061,24867.75,Credit Card,0,25,2025-08-08,2025-09-07,High Risk
C-1047,12737.94,ACH,0,21,2025-03-06,2025-04-05,High Risk
C-1021,43602.12,ACH,0,3,2025-12-21,2026-01-20,High Risk
C-1080,22542.61,Wire,0,17,2025-08-20,2025-09-19,High Risk
C-1085,25983.46,Check,0,5,2025-11-24,2025-12-24,Medium Risk
C-1075,18282.05,ACH,0,23,2025-02-21,2025-03-23,High Risk
C-1036,29851.07,Credit Card,0,23,2025-09-20,2025-10-20,High Risk
C-1099,8594.43,Credit Card,0,22,2025-09-24,2025-10-24,High Risk
C-1019,19858.54,Check,0,21,2025-12-25,2026-01-24,High Risk
C-1020,48485.91,Credit Card,0,1,2025-11-13,2025-12-13,High Risk
C-1057,13277.6,Credit Card,0,22,2025-11-20,2025-12-20,High Risk
C-1018,33008.46,Check,0,10,2025-06-03,2025-07-03,High Risk
C-1047,16596.91,Wire,1,27,2025-12-24,2026-01-23,High Risk
C-1049,38786.92,Wire,0,13,2025-05-20,2025-06-19,High Risk
C-1014,6978.25,Credit Card,0,29,2025-02-20,2025-03-22,High Risk
C-1015,48506.14,Wire,0,4,2025-04-27,2025-05-27,High Risk
C-1031,22962.58,Wire,0,5,2025-02-15,2025-03-17,Medium Risk
C-1001,12184.5,Credit Card,0,9,2025-11-05,2025-12-05,Medium Risk
C-1054,4138.09,Wire,0,7,2025-03-29,2025-04-28,Medium Risk
C-1003,8903.02,Credit Card,0,13,2025-07-27,2025-08-26,High Risk
C-1016,26228.81,ACH,0,23,2025-09-26,2025-10-26,High Risk
C-1087,17181.66,Check,0,2,2025-03-30,2025-04-29,Low Risk
C-1057,41529.73,Check,0,11,2025-04-28,2025-05-28,High Risk
C-1075,21828.93,Wire,0,15,2025-02-23,2025-03-25,High Risk
C-1012,12811.36,Wire,0,27,2025-04-26,2025-05-26,High Risk
C-1074,31048.68,Wire,0,29,2025-04-28,2025-05-28,High Risk
C-1096,35485.47,Check,0,22,2025-09-17,2025-10-17,High Risk
C-1016,8768.57,ACH,0,16,2025-03-16,2025-04-15,High Risk
C-1072,8797.15,ACH,0,0,2025-11-01,2025-12-01,Low Risk
C-1076,2315.24,Check,0,22,2025-01-07,2025-02-06,High Risk
C-1024,36951.9,ACH,0,9,2025-05-02,2025-06-01,High Risk
C-1028,33358.32,Check,0,24,2025-01-11,2025-02-10,High Risk
C-1008,23994.23,ACH,0,22,2025-12-14,2026-01-13,High Risk
C-1092,42286.44,Credit Card,1,9,2025-08-03,2025-09-02,High Risk
C-1036,40380.67,Credit Card,0,20,2025-10-06,2025-11-05,High Risk
C-1090,29475.04,Check,0,23,2025-01-28,2025-02-27,High Risk
C-1008,43479.43,ACH,0,1,2025-08-23,2025-09-22,High Risk
C-1058,10689.14,Wire,0,8,2025-11-09,2025-12-09,Medium Risk
C-1060,6040.02,ACH,0,21,2025-01-26,2025-02-25,High Risk
C-1050,13852.61,Credit Card,0,12,2025-02-23,2025-03-25,High Risk
C-1028,3325.8,Credit Card,1,24,2025-01-29,2025-02-28,High Risk
C-1092,26792.89,ACH,0,15,2025-12-19,2026-01-18,High Risk
C-1041,46861.98,ACH,0,17,2025-06-13,2025-07-13,High Risk
C-1100,2447.51,Wire,0,18,2025-09-27,2025-10-27,High Risk
C-1064,6544.44,Wire,0,11,2025-11-30,2025-12-30,High Risk
C-1027,22883.85,ACH,0,7,2025-02-04,2025-03-06,Medium Risk
C-1063,46726.81,ACH,0,16,2025-10-13,2025-11-12,High Risk
C-1017,16149.73,ACH,0,14,2025-12-14,2026-01-13,High Risk
C-1073,25608.12,ACH,0,9,2025-09-30,2025-10-30,Medium Risk
C-1033,2557.86,Check,0,14,2025-07-27,2025-08-26,High Risk
C-1084,7842.99,ACH,0,14,2025-08-26,2025-09-25,High Risk
C-1077,49338.19,Wire,0,22,2025-04-03,2025-05-03,High Risk
C-1092,48273.38,Credit Card,1,6,2025-06-22,2025-07-22,High Risk
C-1029,744.53,Check,0,12,2025-03-20,2025-04-19,High Risk
C-1013,47614.68,ACH,1,16,2025-04-20,2025-05-20,High Risk
C-1046,32136.44,Credit Card,0,8,2025-08-05,2025-09-04,High Risk
C-1035,43461.96,Check,0,7,2025-12-24,2026-01-23,High Risk
C-1006,23009.62,Credit Card,0,19,2025-04-16,2025-05-16,High Risk
C-1082,26022.0,ACH,0,25,2025-02-16,2025-03-18,High Risk
C-1069,24697.91,ACH,0,26,2025-06-30,2025-07-30,High Risk
C-1047,33509.78,Wire,0,20,2025-03-05,2025-04-04,High Risk
C-1025,7412.74,ACH,0,17,2025-09-03,2025-10-03,High Risk
C-1066,1983.69,ACH,0,12,2025-09-01,2025-10-01,High Risk
C-1010,15742.53,Check,0,15,2025-11-16,2025-12-16,High Risk
C-1056,35381.7,Wire,0,8,2025-03-28,2025-04-27,High Risk
C-1030,10491.75,Check,1,11,2025-08-05,2025-09-04,High Risk
C-1005,33834.91,Credit Card,0,11,2025-01-07,2025-02-06,High Risk
C-1033,48510.65,ACH,0,5,2025-10-05,2025-11-04,High Risk
C-1065,5148.09,Credit Card,0,18,2025-12-03,2026-01-02,High Risk
C-1018,33793.8,Check,0,27,2025-07-29,2025-08-28,High Risk
C-1096,22465.64,ACH,0,6,2025-06-18,2025-07-18,Medium Risk
C-1049,43473.04,ACH,0,24,2025-11-26,2025-12-26,High Risk
C-1011,9268.91,Check,0,2,2025-05-18,2025-06-17,Low Risk
C-1085,34784.98,Check,0,15,2025-11-02,2025-12-02,High Risk
C-1026,41986.71,Check,0,17,2025-08-18,2025-09-17,High Risk
C-1063,47258.4,Check,0,15,2025-11-04,2025-12-04,High Risk
C-1089,34320.78,Check,1,22,2025-06-10,2025-07-10,High Risk
C-1086,25110.15,ACH,0,6,2025-01-01,2025-01-31,Medium Risk
C-1059,31083.44,Check,0,3,2025-08-24,2025-09-23,High Risk
C-1027,43510.8,ACH,0,26,2025-07-07,2025-08-06,High Risk
C-1049,28745.18,ACH,0,24,2025-01-04,2025-02-03,High Risk
C-1077,2004.16,Check,1,29,2025-05-12,2025-06-11,High Risk
C-1033,46581.96,Check,0,7,2025-08-06,2025-09-05,High Risk
C-1098,34631.57,Wire,0,12,2025-09-17,2025-10-17,High Risk
C-1099,33987.41,ACH,0,12,2025-01-01,2025-01-31,High Risk
C-1001,11175.92,Check,0,16,2025-03-12,2025-04-11,High Risk
C-1021,33114.83,Check,0,16,2025-06-27,2025-07-27,High Risk
C-1055,19996.29,Check,0,4,2025-07-08,2025-08-07,Medium Risk
C-1006,32736.03,Wire,0,5,2025-10-18,2025-11-17,High Risk
C-1092,5776.36,Wire,0,18,2025-01-08,2025-02-07,High Risk
C-1081,33063.34,Credit Card,1,12,2025-09-10,2025-10-10,High Risk
C-1069,49970.98,ACH,0,24,2025-10-19,2025-11-18,High Risk
C-1095,2886.5,Credit Card,0,27,2025-09-01,2025-10-01,High Risk
C-1005,48870.12,Check,0,25,2025-05-03,2025-06-02,High Risk
C-1003,20641.94,Wire,0,13,2025-10-26,2025-11-25,High Risk
C-1053,43602.3,Wire,1,21,2025-10-10,2025-11-09,High Risk
C-1023,39228.08,Credit Card,0,3,2025-02-01,2025-03-03,High Risk
C-1053,28567.3,Wire,0,27,2025-11-30,2025-12-30,High Risk
C-1037,37053.24,Check,0,6,2025-05-26,2025-06-25,High Risk
C-1074,43986.52,Wire,0,7,2025-06-05,2025-07-05,High Risk
C-1074,20504.95,Credit Card,0,24,2025-01-16,2025-02-15,High Risk
C-1083,16688.14,Check,0,12,2025-12-21,2026-01-20,High Risk
C-1017,33545.87,Credit Card,0,26,2025-02-16,2025-03-18,High Risk
C-1085,40488.37,Wire,0,5,2025-09-08,2025-10-08,High Risk
C-1078,38233.11,Credit Card,0,5,2025-07-06,2025-08-05,High Risk
C-1073,39991.78,Credit Card,0,23,2025-01-31,2025-03-02,High Risk
C-1001,22061.37,ACH,1,27,2025-09-17,2025-10-17,High Risk
C-1051,40982.79,Wire,0,20,2025-01-17,2025-02-16,High Risk
C-1045,6450.35,Wire,0,29,2025-02-08,2025-03-10,High Risk
C-1077,27452.21,Credit Card,0,2,2025-10-31,2025-11-30,Low Risk
C-1004,785.05,ACH,0,27,2025-02-08,2025-03-10,High Risk
C-1062,16567.0,Wire,0,2,2025-05-12,2025-06-11,Low Risk
C-1065,18639.85,Check,1,12,2025-01-30,2025-03-01,High Risk
C-1032,20110.55,Credit Card,0,21,2025-06-07,2025-07-07,High Risk
C-1034,34925.63,Wire,0,1,2025-10-05,2025-11-04,High Risk
C-1092,19733.63,Check,0,15,2025-07-22,2025-08-21,High Risk
C-1095,22710.33,Wire,0,21,2025-03-07,2025-04-06,High Risk
C-1072,12258.43,Check,0,28,2025-04-18,2025-05-18,High Risk
C-1039,18975.96,Credit Card,0,5,2025-09-25,2025-10-25,Medium Risk
C-1026,11749.85,Wire,0,7,2025-08-10,2025-09-09,Medium Risk
C-1034,4123.2,Wire,0,22,2025-10-19,2025-11-18,High Risk
C-1054,30370.71,ACH,0,7,2025-01-18,2025-02-17,High Risk
C-1003,33576.53,Credit Card,0,29,2025-03-31,2025-04-30,High Risk
C-1050,31164.77,Check,0,24,2025-06-30,2025-07-30,High Risk
C-1012,23442.96,Wire,0,5,2025-09-12,2025-10-12,Medium Risk
C-1065,19299.4,Wire,0,13,2025-09-10,2025-10-10,High Risk
C-1054,43235.02,Check,0,2,2025-09-14,2025-10-14,High Risk
C-1005,26194.55,Credit Card,0,9,2025-12-12,2026-01-11,Medium Risk
C-1094,24219.5,ACH,0,2,2025-03-28,2025-04-27,Low Risk
C-1094,1769.28,ACH,0,26,2025-03-31,2025-04-30,High Risk
C-1057,17391.77,Wire,0,11,2025-08-25,2025-09-24,High Risk
C-1017,19319.68,Check,0,16,2025-03-11,2025-04-10,High Risk
C-1047,20241.73,Wire,0,26,2025-02-13,2025-03-15,High Risk
C-1023,29218.53,Check,1,28,2025-07-19,2025-08-18,High Risk
C-1079,26913.33,ACH,0,4,2025-06-01,2025-07-01,Medium Risk
C-1085,30591.3,Credit Card,0,29,2025-03-27,2025-04-26,High Risk
C-1014,38361.72,Check,0,19,2025-01-19,2025-02-18,High Risk
C-1066,40742.79,ACH,0,24,2025-04-11,2025-05-11,High Risk
C-1075,36047.09,Wire,0,8,2025-04-05,2025-05-05,High Risk
C-1051,47798.42,Check,0,29,2025-09-11,2025-10-11,High Risk
C-1038,1402.51,Credit Card,0,20,2025-12-23,2026-01-22,High Risk
C-1064,10191.01,Wire,0,25,2025-01-30,2025-03-01,High Risk
C-1098,874.36,Wire,0,19,2025-09-06,2025-10-06,High Risk
C-1038,32550.0,ACH,0,6,2025-02-02,2025-03-04,High Risk
C-1050,44952.51,Check,0,21,2025-08-17,2025-09-16,High Risk
C-1098,12552.37,Wire,0,3,2025-01-12,2025-02-11,Medium Risk
C-1082,46388.21,Credit Card,0,12,2025-04-28,2025-05-28,High Risk
C-1030,3483.24,Check,0,12,2025-12-16,2026-01-15,High Risk
C-1079,46754.58,Credit Card,0,9,2025-06-04,2025-07-04,High Risk
C-1091,17905.32,Wire,0,17,2025-09-03,2025-10-03,High Risk
C-1051,5520.33,Credit Card,0,16,2025-11-28,2025-12-28,High Risk
C-1063,24550.65,ACH,0,19,2025-09-04,2025-10-04,High Risk
C-1098,13210.44,Credit Card,0,19,2025-01-29,2025-02-28,High Risk
C-1052,14601.21,Check,1,12,2025-06-10,2025-07-10,High Risk
C-1038,15710.85,Credit Card,0,16,2025-08-23,2025-09-22,High Risk
C-1097,40249.78,Credit Card,0,21,2025-07-09,2025-08-08,High Risk
C-1088,27188.48,ACH,0,3,2025-04-27,2025-05-27,Medium Risk
C-1079,15909.73,Credit Card,0,0,2025-09-28,2025-10-28,Low Risk
C-1030,30711.52,Credit Card,0,0,2025-09-15,2025-10-15,Medium Risk
C-1051,35949.46,Wire,0,14,2025-06-29,2025-07-29,High Risk
C-1081,13994.89,Wire,0,12,2025-06-21,2025-07-21,High Risk
C-1005,20970.68,Check,0,16,2025-10-01,2025-10-31,High Risk
C-1029,6533.36,Wire,0,23,2025-09-16,2025-10-16,High Risk
C-1004,9466.89,Wire,0,25,2025-05-15,2025-06-14,High Risk
C-1010,34215.33,Wire,1,7,2025-06-20,2025-07-20,High Risk
C-1056,9481.2,Wire,0,17,2025-07-29,2025-08-28,High Risk
C-1017,26495.59,ACH,0,26,2025-08-24,2025-09-23,High Risk
C-1074,35597.79,Wire,0,12,2025-07-05,2025-08-04,High Risk
C-1017,5790.41,ACH,1,22,2025-12-30,2026-01-29,High Risk
C-1084,28581.95,ACH,0,13,2025-04-05,2025-05-05,High Risk
C-1088,13199.86,Wire,0,7,2025-01-11,2025-02-10,Medium Risk
C-1069,48164.88,Credit Card,0,7,2025-03-09,2025-04-08,High Risk
C-1034,24435.51,ACH,0,26,2025-07-29,2025-08-28,High Risk
C-1006,40396.63,Credit Card,0,25,2025-07-15,2025-08-14,High Risk
C-1053,27736.21,Credit Card,0,14,2025-04-08,2025-05-08,High Risk
C-1066,2648.92,Wire,0,26,2025-04-03,2025-05-03,High Risk
C-1077,31840.99,Check,0,12,2025-01-22,2025-02-21,High Risk
C-1043,47594.47,Wire,0,6,2025-06-21,2025-07-21,High Risk
C-1075,30279.79,Check,0,4,2025-05-14,2025-06-13,High Risk
C-1023,41049.85,Check,0,16,2025-01-25,2025-02-24,High Risk
C-1055,44268.22,Wire,0,27,2025-07-04,2025-08-03,High Risk
C-1080,11789.95,Wire,0,24,2025-03-26,2025-04-25,High Risk
C-1095,10996.22,Check,1,28,2025-02-24,2025-03-26,High Risk
C-1075,30743.56,Wire,0,15,2025-09-08,2025-10-08,High Risk
C-1016,20845.91,Check,0,22,2025-05-24,2025-06-23,High Risk
C-1008,42073.13,Credit Card,0,1,2025-12-17,2026-01-16,High Risk
C-1004,45051.14,Wire,1,21,2025-06-16,2025-07-16,High Risk
C-1004,17994.36,Credit Card,0,17,2025-08-12,2025-09-11,High Risk
C-1056,12225.09,ACH,0,16,2025-08-08,2025-09-07,High Risk
C-1025,39136.01,Credit Card,0,29,2025-06-28,2025-07-28,High Risk
C-1067,14102.9,Credit Card,0,6,2025-04-29,2025-05-29,Medium Risk
C-1096,41219.41,Check,0,12,2025-09-22,2025-10-22,High Risk
C-1067,21475.04,Credit Card,0,17,2025-05-30,2025-06-29,High Risk
C-1027,33543.72,Wire,0,28,2025-08-03,2025-09-02,High Risk
C-1093,5229.0,Check,1,13,2025-07-16,2025-08-15,High Risk
C-1032,31381.04,ACH,0,29,2025-02-11,2025-03-13,High Risk
C-1050,22862.5,Wire,0,17,2025-02-22,2025-03-24,High Risk
C-1061,29537.12,ACH,0,12,2025-11-26,2025-12-26,High Risk
C-1051,8816.7,Credit Card,0,10,2025-09-08,2025-10-08,Medium Risk
C-1019,36975.25,Wire,0,20,2025-10-22,2025-11-21,High Risk
C-1021,43208.46,Wire,0,29,2025-09-28,2025-10-28,High Risk
C-1005,11228.62,ACH,0,20,2025-05-03,2025-06-02,High Risk
C-1082,5237.87,Wire,0,15,2025-12-05,2026-01-04,High Risk
C-1092,1670.11,Wire,1,22,2025-09-23,2025-10-23,High Risk
C-1042,32277.59,Wire,0,16,2025-12-14,2026-01-13,High Risk
C-1061,30551.15,Credit Card,0,7,2025-01-29,2025-02-28,High Risk
C-1022,27561.52,ACH,1,18,2025-02-04,2025-03-06,High Risk
C-1021,11981.38,Wire,0,19,2025-01-06,2025-02-05,High Risk
C-1070,19849.85,Check,0,14,2025-04-21,2025-05-21,High Risk
C-1001,29926.58,Check,0,8,2025-10-21,2025-11-20,Medium Risk
C-1005,25089.96,Check,0,19,2025-03-18,2025-04-17,High Risk
C-1012,49395.38,Check,0,9,2025-12-15,2026-01-14,High Risk
C-1090,7253.77,Credit Card,0,11,2025-05-27,2025-06-26,High Risk
C-1046,34909.66,Wire,0,20,2025-03-08,2025-04-07,High Risk
C-1034,20513.78,ACH,0,22,2025-01-08,2025-02-07,High Risk
C-1049,21695.88,Wire,0,19,2025-05-02,2025-06-01,High Risk
C-1078,36021.09,Credit Card,0,29,2025-12-06,2026-01-05,High Risk
C-1090,34775.59,Check,0,0,2025-06-24,2025-07-24,Medium Risk
C-1045,49567.17,Credit Card,1,24,2025-06-28,2025-07-28,High Risk
C-1027,6855.52,Wire,0,19,2025-03-26,2025-04-25,High Risk
C-1073,5653.43,ACH,0,8,2025-02-14,2025-03-16,Medium Risk
C-1026,36354.77,Credit Card,0,21,2025-05-16,2025-06-15,High Risk
C-1047,29130.15,ACH,0,14,2025-12-09,2026-01-08,High Risk
C-1086,14070.95,Credit Card,1,0,2025-01-16,2025-02-15,High Risk
C-1056,4431.26,ACH,0,11,2025-11-29,2025-12-29,High Risk
C-1094,4740.08,ACH,0,2,2025-07-14,2025-08-13,Low Risk
C-1063,44762.45,Check,0,10,2025-01-09,2025-02-08,High Risk
C-1048,9997.43,ACH,0,1,2025-11-12,2025-12-12,Low Risk
C-1061,16506.89,Check,0,15,2025-11-30,2025-12-30,High Risk
C-1081,11719.49,Wire,1,8,2025-11-29,2025-12-29,High Risk
C-1026,18072.32,Wire,0,14,2025-11-23,2025-12-23,High Risk
C-1036,3936.48,Check,0,11,2025-01-15,2025-02-14,High Risk
C-1001,26193.46,Check,0,0,2025-11-23,2025-12-23,Low Risk
C-1008,3846.82,Credit Card,0,12,2025-04-12,2025-05-12,High Risk
C-1099,40117.65,Credit Card,0,13,2025-08-14,2025-09-13,High Risk
C-1052,12068.75,Credit Card,0,24,2025-10-05,2025-11-04,High Risk
C-1079,27230.59,Wire,0,24,2025-04-23,2025-05-23,High Risk
C-1047,44063.91,Credit Card,0,7,2025-01-01,2025-01-31,High Risk
C-1056,32718.43,ACH,0,7,2025-09-23,2025-10-23,High Risk
C-1086,26881.41,ACH,0,26,2025-07-27,2025-08-26,High Risk
C-1014,16554.52,Credit Card,0,29,2025-04-20,2025-05-20,High Risk
C-1090,16983.59,ACH,0,11,2025-07-19,2025-08-18,High Risk
C-1028,33639.6,Wire,0,0,2025-11-02,2025-12-02,Medium Risk
C-1087,49709.9,ACH,0,10,2025-01-12,2025-02-11,High Risk
C-1078,33261.04,Wire,0,7,2025-12-11,2026-01-10,High Risk
C-1088,28110.28,Check,0,9,2025-07-07,2025-08-06,Medium Risk
C-1002,36667.2,Check,0,29,2025-06-03,2025-07-03,High Risk
C-1026,23527.68,Check,0,18,2025-11-30,2025-12-30,High Risk
C-1014,3477.05,Check,0,10,2025-10-06,2025-11-05,Medium Risk
C-1059,28333.69,ACH,0,6,2025-06-20,2025-07-20,Medium Risk
C-1056,47902.45,Credit Card,0,10,2025-05-14,2025-06-13,High Risk
C-1007,9177.5,ACH,0,16,2025-01-25,2025-02-24,High Risk
C-1003,34655.24,Wire,0,0,2025-01-18,2025-02-17,Medium Risk
C-1023,10446.22,ACH,0,25,2025-07-09,2025-08-08,High Risk
C-1018,27023.47,ACH,0,28,2025-05-21,2025-06-20,High Risk
C-1038,5285.48,Wire,1,20,2025-02-12,2025-03-14,High Risk
C-1099,22793.36,Check,0,20,2025-11-30,2025-12-30,High Risk
C-1015,37930.08,Check,0,7,2025-10-11,2025-11-10,High Risk
C-1064,17704.79,Check,0,22,2025-05-26,2025-06-25,High Risk
C-1089,33413.13,Credit Card,1,23,2025-11-11,2025-12-11,High Risk
C-1028,39874.77,Wire,0,5,2025-11-15,2025-12-15,High Risk
C-1074,46395.3,Wire,0,21,2025-04-02,2025-05-02,High Risk
C-1039,12114.78,ACH,0,17,2025-06-28,2025-07-28,High Risk
C-1057,20266.14,Credit Card,0,5,2025-02-25,2025-03-27,Medium Risk
C-1017,8044.59,Check,0,4,2025-06-04,2025-07-04,Medium Risk
C-1086,49627.93,Credit Card,0,12,2025-06-09,2025-07-09,High Risk
C-1090,46386.55,Wire,0,18,2025-04-21,2025-05-21,High Risk
C-1044,27227.88,Wire,0,21,2025-05-17,2025-06-16,High Risk
C-1025,42180.65,ACH,1,7,2025-08-20,2025-09-19,High Risk
C-1017,26287.42,ACH,0,8,2025-08-08,2025-09-07,Medium Risk
C-1013,31367.49,Wire,0,16,2025-03-09,2025-04-08,High Risk
C-1084,4911.66,Check,0,2,2025-10-29,2025-11-28,Low Risk
C-1025,37885.89,Check,0,18,2025-09-06,2025-10-06,High Risk
C-1068,6821.82,Credit Card,0,10,2025-11-19,2025-12-19,Medium Risk
C-1010,41390.35,Wire,0,23,2025-01-06,2025-02-05,High Risk
C-1067,39210.39,Wire,0,16,2025-10-07,2025-11-06,High Risk
C-1018,35582.86,Check,0,20,2025-04-04,2025-05-04,High Risk
C-1100,2289.94,Check,0,18,2025-09-26,2025-10-26,High Risk
C-1086,15504.85,Wire,0,1,2025-07-16,2025-08-15,Low Risk
